"51326,0,0,17,12,3,0,3,4,3,2,0,0,10,9,14,0,0,0,2,0,12,17,2,9,16,0,1,0,0,0,0,11,1,16,9,7,0,4,0,0,0,0,0,11,0,3,0,4,0,1,0"
"30739,0,0,0,0,0,0,0,1,0,0,0,3,0,0,0,0,16,0,0,0,0,0,0,0,0,0,0,0,0,0,0,0,0,0,0,0,0,3,0,0,0,19,0,0,0,3,0,0,0,0,0"
"48365,0,3,0,12,0,4,0,0,0,4,0,1,18,0,0,13,10,0,0,0,0,0,0,11,12,15,8,0,0,11,0,0,0,15,16,0,0,0,3,0,0,0,7,5,17,7,0,0,0,2,16"
"7787,0,0,14,0,0,1,12,0,0,0,2,0,0,0,0,0,16,19,0,0,0,0,0,0,13,0,16,0,15,1,12,0,0,9,0,5,0,0,0,0,9,0,0,10,0,0,0,0,0,0,14"
"37853,0,19,11,17,5,18,0,0,0,0,1,15,0,17,12,4,0,0,15,0,19,14,0,0,1,0,0,0,0,10,3,0,0,0,0,0,1,0,0,0,0,12,0,0,0,0,0,9,0,0,0"
"27396,0,0,0,0,0,0,3,0,9,0,0,0,0,14,0,7,11,0,0,12,0,16,3,0,0,0,0,0,0,0,0,0,0,3,0,0,0,0,0,0,0,0,16,7,0,10,0,11,0,0,0"
"11553,0,18,0,7,1,1,0,18,0,11,10,0,0,2,14,16,0,0,9,0,0,0,0,0,0,5,0,0,0,19,0,4,0,0,8,0,2,14,0,2,0,14,0,0,0,12,4,8,0,0,16"
"24866,0,0,0,3,0,0,0,8,4,0,0,9,0,18,1,2,15,0,0,0,0,0,0,0,0,0,6,0,0,9,16,0,0,10,4,8,0,0,7,13,8,7,12,19,0,16,0,10,5,0,0"
"14931,0,0,0,0,0,0,0,0,0,0,0,0,0,11,0,0,0,0,0,0,0,4,0,0,0,0,0,0,18,0,0,0,0,0,0,0,0,0,0,0,0,0,0,0,0,5,0,0,0,0,0"
"24843,0,17,0,1,0,0,11,17,0,0,0,11,0,0,0,0,0,13,0,0,0,0,0,0,0,0,14,0,0,2,0,0,0,0,7,16,17,2,0,0,18,19,0,0,14,4,0,14,8,0,0"
"25377,0,11,7,0,0,0,0,0,2,2,0,0,0,0,0,0,11,0,0,0,7,0,0,0,0,0,0,0,10,11,0,0,3,0,15,0,0,0,0,0,0,0,1,0,15,0,0,0,0,0,0"
"4062,0,5,7,16,10,0,16,0,11,8,0,6,16,0,0,0,0,0,0,0,11,15,14,16,0,0,8,6,0,0,0,9,0,19,1,15,16,0,0,0,0,18,4,5,2,17,0,0,16,13,17"
"2262,0,2,0,3,0,0,12,0,0,0,0,0,0,0,0,9,0,19,5,13,3,0,0,0,5,1,15,0,1,19,6,0,0,19,12,0,0,0,5,0,3,0,0,16,0,0,0,0,18,0,0"
"14086,0,0,0,0,0,0,0,0,2,0,0,0,0,0,0,4,0,0,0,2,0,0,0,0,0,4,0,2,0,0,0,0,0,0,0,0,0,0,0,0,0,0,0,0,0,0,0,0,0,0,0"
"26688,0,0,0,0,0,5,0,4,0,0,17,4,14,0,15,14,2,0,0,0,18,17,11,0,0,0,0,0,0,0,0,0,0,13,0,0,0,0,0,0,16,0,0,4,0,5,0,0,0,0,0"
"38987,0,0,0,0,0,0,14,18,0,0,0,12,15,0,8,0,5,18,3,0,0,0,0,7,9,15,8,8,0,0,0,0,0,1,0,6,2,19,0,0,0,15,0,9,9,19,0,0,5,11,7"
"24874,0,4,0,0,5,7,7,6,6,13,14,0,0,11,3,0,6,0,0,0,4,14,0,0,0,0,4,7,19,15,8,0,19,16,0,4,4,18,0,16,13,2,0,0,13,0,11,19,1,0,14"
"61351,0,0,0,7,15,9,0,11,19,3,0,1,0,0,1,0,3,11,3,0,18,0,14,0,18,0,0,5,17,13,5,10,4,16,10,0,0,2,0,8,0,0,1,0,0,18,5,0,0,15,4"
"6028,0,0,0,0,0,0,17,0,15,0,5,0,17,13,17,18,0,15,1,0,2,4,4,6,8,0,19,0,1,1,11,19,3,0,0,0,0,1,16,0,19,2,10,17,0,0,0,9,0,0,0"
"72064,0,0,9,0,12,12,0,0,2,1,19,0,0,0,0,11,15,0,0,0,14,1,0,0,18,2,0,8,3,0,0,0,0,10,9,6,0,0,9,0,0,0,0,0,0,0,14,0,0,0,0"
"21750,0,0,0,0,4,0,0,0,0,0,0,0,0,2,0,0,0,0,0,0,0,0,0,0,0,0,0,1,0,0,0,0,0,14,0,0,0,0,0,0,0,0,0,0,0,0,0,0,0,0,0"
"47057,0,0,0,0,0,0,17,0,0,0,9,0,0,0,0,0,4,14,0,0,4,19,0,18,1,0,0,0,0,18,3,0,8,1,0,10,7,5,0,0,0,0,0,0,0,0,0,0,0,0,0"
"27733,0,17,0,0,0,0,0,0,0,4,0,0,14,0,1,0,0,0,0,0,0,0,14,0,0,7,0,0,5,0,0,0,0,0,0,0,5,0,3,0,0,0,15,0,0,0,0,0,0,0,0"
"61323,0,0,0,16,3,0,0,0,0,4,0,17,0,0,0,0,0,4,5,0,0,0,0,0,9,0,1,1,0,0,0,0,0,0,0,0,0,0,0,0,0,0,0,0,0,0,0,0,0,0,0"
"72413,0,4,17,11,5,0,9,1,0,2,0,0,0,0,2,0,0,0,7,0,0,3,13,13,0,0,9,0,12,0,17,0,0,1,0,0,0,18,10,0,11,0,1,0,3,12,17,0,7,0,4"
"40031,0,0,15,13,0,3,0,0,0,0,19,0,1,0,0,0,7,4,0,0,2,13,7,19,0,0,0,0,17,1,0,19,0,0,0,0,3,0,0,0,0,15,0,0,0,0,7,3,13,0,5"
"19251,0,14,5,0,0,0,0,0,0,6,0,12,6,16,10,2,15,15,1,0,0,3,0,10,19,8,9,18,15,0,0,5,1,3,6,5,7,18,0,17,0,0,9,0,0,0,0,19,0,10,0"
"16451,0,0,0,8,0,16,2,0,0,0,0,0,1,11,0,0,0,0,0,0,2,0,0,19,0,0,0,0,0,0,0,0,0,0,0,0,0,0,15,16,0,0,0,0,0,5,0,6,0,3,0"
"46585,0,18,4,14,5,6,0,0,0,15,1,0,4,16,14,18,4,1,0,0,0,0,0,15,2,0,12,8,6,0,0,0,2,0,19,0,9,0,9,0,0,0,19,0,10,0,2,7,19,3,0"
"26057,4,0,17,6,0,8,17,0,0,0,0,9,10,5,3,0,0,10,0,3,0,0,11,0,15,0,0,0,0,0,10,0,0,17,0,7,9,0,12,0,5,0,0,15,5,0,0,8,5,6,0"
"36272,0,0,0,0,0,0,0,0,0,0,0,0,0,0,0,0,0,0,0,0,0,0,0,0,0,0,0,2,3,0,0,0,0,0,0,0,0,0,0,0,0,0,0,0,0,0,0,0,0,0,0"
"74766,0,5,13,13,0,14,0,0,0,19,0,3,0,0,0,0,11,0,14,16,19,16,17,9,8,3,15,0,17,14,4,0,6,0,10,12,1,7,0,0,19,2,0,0,3,17,15,0,9,0,11"
"7274,0,0,0,0,0,7,3,0,1,0,0,0,0,0,0,0,3,0,0,0,0,0,4,0,0,6,0,16,0,0,0,0,5,14,2,12,0,0,0,0,0,2,0,0,0,17,4,0,11,0,0"
"11372,0,15,14,0,0,16,13,0,0,0,0,0,0,0,3,19,10,0,0,0,0,14,16,11,2,0,18,0,0,0,2,7,7,3,0,4,9,0,0,0,3,19,0,0,0,14,3,0,0,0,13"
"42756,3,5,0,0,0,0,0,13,0,0,0,0,0,0,0,0,6,0,0,0,0,1,0,0,0,18,0,0,0,0,0,0,0,0,0,0,0,0,1,0,0,0,0,0,0,0,0,0,0,0,0"
"43583,0,1,0,0,5,8,18,0,14,7,3,0,7,3,0,0,4,0,0,0,8,15,6,0,0,18,0,10,19,0,0,0,1,0,14,0,0,6,4,3,0,2,0,0,2,3,0,1,17,0,0"
"29851,0,0,0,0,0,0,0,0,0,0,0,0,0,0,3,0,0,0,0,0,0,0,0,0,0,0,7,0,0,0,0,0,0,0,0,0,0,0,0,0,0,0,0,0,2,0,0,0,0,0,0"
"68908,0,0,0,0,0,0,0,19,0,0,0,2,0,16,0,0,0,0,0,0,0,0,0,0,0,0,17,0,13,0,14,4,0,0,0,3,1,5,0,0,0,10,0,0,17,3,1,0,0,0,0"
"3351,0,16,0,18,0,1,4,5,4,0,12,2,19,0,0,0,0,14,14,0,0,0,0,0,0,19,2,0,0,0,0,16,15,4,0,0,9,4,0,0,0,0,0,18,0,5,0,0,2,11,0"
"26947,0,0,0,2,11,0,0,16,0,13,17,0,15,0,3,5,9,13,0,0,0,0,17,0,0,0,0,0,0,7,0,0,16,0,0,0,0,9,13,0,7,0,0,0,0,7,0,0,10,8,0"
"37182,0,0,0,0,12,14,3,14,0,0,0,0,12,0,7,10,0,9,0,0,0,0,0,5,15,0,0,8,12,14,5,13,9,0,13,0,0,0,0,10,0,5,0,0,0,1,0,5,0,10,0"
"54008,0,5,0,0,0,10,6,13,0,0,0,0,0,4,0,2,0,3,0,10,0,0,0,1,0,0,5,0,5,0,0,0,9,0,0,1,0,0,15,0,0,6,14,0,0,0,0,0,0,0,0"
"41650,0,0,0,0,0,5,0,0,0,0,14,0,0,0,0,0,0,3,0,0,5,0,2,0,16,0,0,0,0,0,0,0,0,0,0,0,16,0,0,0,0,0,0,0,0,0,0,5,0,0,0"
"6313,0,15,0,10,1,0,0,9,8,15,0,9,0,0,6,0,0,17,16,0,0,0,5,0,12,0,0,0,0,0,4,11,18,0,7,0,0,0,9,0,0,7,0,0,0,6,0,0,0,0,0"
"65990,0,0,0,0,0,17,0,0,0,0,5,0,3,0,0,18,0,0,0,0,0,0,2,0,0,0,0,0,0,0,5,16,0,0,0,0,0,0,0,0,0,0,11,0,0,1,0,15,9,0,0"
"72322,0,0,0,0,0,18,16,0,0,11,0,9,4,0,1,3,5,1,0,5,0,4,3,11,0,0,0,0,16,7,0,1,0,7,15,12,0,0,7,0,11,0,2,0,0,12,5,0,13,0,0"
"15655,4,0,3,16,0,0,0,0,0,1,0,0,0,0,0,0,0,7,0,0,2,0,0,0,0,0,9,0,0,0,0,0,0,0,10,0,0,0,0,0,0,0,0,0,0,0,4,0,0,0,0"
"22988,0,0,2,10,0,19,3,12,4,8,12,8,0,0,0,0,0,13,0,0,0,0,0,0,0,0,0,0,0,0,15,3,0,0,0,0,4,7,0,9,0,0,2,3,18,14,8,16,3,0,0"
"4889,0,19,0,12,0,0,2,0,17,0,0,0,4,3,0,0,0,5,0,10,3,5,0,18,0,0,0,8,0,0,19,0,0,13,11,15,9,2,1,11,0,17,3,17,3,13,3,0,0,1,0"
"32090,0,12,0,4,7,3,0,0,0,0,0,0,0,0,0,0,6,0,1,0,8,17,0,0,0,7,0,11,0,0,11,2,4,11,2,0,0,0,0,0,8,0,0,0,0,10,1,17,0,0,0"
"55174,0,17,2,2,4,13,3,0,8,3,3,0,0,12,11,0,0,0,0,5,15,0,0,0,7,0,9,0,0,0,12,0,0,4,3,0,3,0,2,5,19,10,0,0,0,0,0,0,2,7,0"
"29958,0,0,0,3,0,0,0,0,0,0,0,0,0,0,5,2,0,0,1,0,9,0,0,0,0,0,0,0,3,0,0,0,0,0,0,19,0,0,0,0,0,2,0,0,0,0,0,0,4,0,0"
"16649,0,0,0,5,0,0,0,0,0,0,0,0,0,0,0,0,0,0,5,0,0,0,0,0,0,0,0,0,0,0,0,0,0,0,0,4,0,0,0,0,0,0,0,0,0,0,0,0,3,0,2"
"47551,0,0,13,0,8,14,0,13,4,13,1,0,12,0,4,0,8,15,7,0,19,10,0,3,0,5,0,0,0,6,0,0,8,8,4,0,0,12,9,5,0,1,7,13,6,8,0,0,1,11,0"
"35497,0,18,0,10,0,0,0,0,12,0,10,5,0,5,19,8,7,3,0,6,0,0,0,0,10,9,0,5,14,0,1,0,0,12,0,12,0,0,17,9,12,0,0,18,16,11,0,11,8,0,0"
"36394,0,0,0,5,17,0,0,2,0,4,3,14,0,12,0,4,0,16,0,2,0,11,0,18,0,0,3,0,0,8,0,3,0,0,9,4,0,0,0,2,0,10,0,4,0,5,0,17,17,17,0"
"68392,0,5,15,0,0,9,19,5,0,0,19,11,0,0,15,0,15,1,14,1,10,19,9,8,11,2,0,0,3,3,0,5,7,17,12,0,0,1,5,13,2,15,0,0,0,9,0,8,0,0,7"
"42465,0,0,10,0,0,7,0,2,0,0,0,4,2,14,0,6,7,7,0,0,12,0,0,19,0,10,9,9,0,0,0,0,17,0,0,13,15,3,0,0,9,0,0,5,16,3,12,3,0,1,0"
"73919,0,10,0,0,8,3,0,0,0,9,2,9,0,0,0,2,2,0,5,15,3,1,0,17,16,0,13,16,13,10,6,15,11,0,10,0,17,0,6,5,0,0,2,19,19,8,0,0,4,0,15"
"34398,0,0,7,0,0,0,10,14,0,0,0,9,10,0,6,3,2,0,14,6,19,2,0,0,0,0,15,16,17,0,0,4,2,11,2,0,0,0,0,10,5,4,18,0,0,1,6,11,0,14,0"
"13857,0,0,0,0,4,12,0,17,0,0,0,0,0,16,10,18,17,19,3,0,0,8,0,15,12,11,0,8,9,1,0,14,0,10,2,0,7,14,0,0,0,6,15,10,18,7,0,16,19,0,0"
"21509,2,11,0,14,4,10,0,0,11,16,2,18,2,0,11,0,13,0,0,0,4,2,0,0,11,0,13,7,17,18,10,9,0,0,2,11,0,0,7,0,4,0,3,0,5,18,6,12,5,12,8"
"16701,0,11,15,18,0,0,9,0,6,11,0,0,0,0,0,0,16,0,5,8,0,0,6,12,0,0,0,0,0,0,0,4,0,0,0,11,3,4,0,0,0,17,0,10,3,17,16,0,3,13,6"
"41123,0,0,13,0,0,3,1,0,0,0,0,0,0,8,0,0,0,0,0,0,0,0,0,1,3,0,18,0,0,0,0,10,0,1,2,9,0,0,0,0,5,5,19,7,0,0,0,16,0,0,0"
"47086,0,0,0,0,0,0,0,0,0,0,0,2,0,0,2,0,0,0,2,0,0,0,0,0,0,0,0,0,0,0,0,0,0,0,0,0,1,0,0,0,0,0,0,0,1,0,0,4,0,0,0"
"3126,0,0,12,14,0,6,0,0,13,0,0,17,6,19,0,0,0,5,13,0,0,0,12,3,0,0,14,3,0,1,15,0,0,0,11,4,19,14,5,0,16,0,17,12,0,0,19,0,0,15,3"
"41779,0,0,0,0,0,0,0,0,0,0,4,0,0,0,0,0,0,3,0,0,0,10,0,0,0,0,0,0,0,3,6,4,0,0,2,0,0,0,0,0,0,0,0,0,0,0,19,4,0,0,0"
"9555,0,5,14,0,7,11,0,0,0,1,1,2,0,16,0,0,0,0,0,0,0,0,0,0,0,18,0,12,0,0,0,0,9,0,3,0,3,14,0,0,0,16,0,0,3,18,0,19,12,0,0"
"13179,0,0,0,0,0,0,0,0,0,0,0,0,0,0,4,0,0,0,0,0,0,0,0,0,0,0,0,0,0,0,0,0,0,0,0,0,0,0,0,0,0,9,0,0,0,0,0,0,0,0,0"
"20109,0,2,19,4,17,0,0,3,0,0,0,3,18,5,3,7,0,0,0,15,19,0,16,0,4,14,0,0,10,0,18,0,3,0,0,6,5,2,0,16,9,4,16,0,13,0,0,0,13,0,0"
"68018,0,0,0,0,19,0,0,0,0,0,11,1,0,0,0,0,5,0,0,0,0,0,0,0,0,0,5,0,0,1,0,0,0,0,1,0,15,0,0,0,0,0,0,0,0,0,13,4,4,0,0"
"31222,0,0,13,15,14,14,17,3,17,0,0,0,0,3,4,0,0,0,17,11,1,14,14,7,14,19,0,19,0,0,0,0,1,4,18,13,0,0,16,0,0,8,0,13,7,0,0,6,0,3,0"
"53081,5,0,2,0,0,7,0,0,0,0,0,0,0,0,0,0,0,0,0,0,0,0,0,0,0,0,0,0,0,0,0,0,0,0,0,0,12,0,0,0,0,0,0,0,0,0,3,0,0,0,0"
"43532,0,0,15,0,0,0,0,0,0,0,0,0,4,0,0,0,0,0,8,0,0,0,0,0,0,0,17,0,18,0,15,0,19,0,0,1,19,0,0,0,0,0,0,0,0,16,0,15,0,0,0"
"1115,0,0,10,6,0,3,0,0,12,0,11,12,0,0,19,13,0,2,5,9,0,0,7,0,3,14,0,4,10,2,18,17,18,0,4,0,0,0,0,8,0,0,17,0,0,6,0,4,3,12,0"
"1689,0,0,0,0,0,0,0,0,4,0,0,0,0,13,15,11,0,0,2,15,0,0,0,0,0,0,0,7,0,0,0,0,0,0,0,0,0,0,13,0,0,17,17,0,17,5,18,0,0,14,15"
"52903,0,0,4,13,0,14,3,0,6,0,0,0,4,13,0,1,0,4,0,0,0,12,0,5,0,0,0,0,1,0,10,0,0,0,17,0,0,0,0,0,0,13,0,10,15,0,17,0,0,0,0"
"58636,0,0,10,14,0,15,0,0,0,0,0,0,0,4,0,0,0,0,0,0,0,2,4,0,0,6,0,11,0,0,10,0,8,0,0,6,16,0,1,8,14,0,0,0,0,0,2,0,5,16,0"
"18643,0,0,0,0,0,1,3,0,17,0,19,0,0,12,0,3,0,0,0,0,0,0,19,0,10,0,0,0,0,17,0,0,0,0,0,0,0,1,0,13,0,0,0,0,0,0,0,0,0,10,0"
"16324,0,0,0,0,0,0,0,14,0,1,2,14,0,0,0,0,0,0,0,5,2,16,0,11,0,0,0,10,0,0,0,0,0,0,7,0,0,0,4,3,16,0,0,0,12,0,1,2,0,3,0"
"11203,0,11,12,0,0,0,0,0,0,18,0,0,0,18,11,0,5,1,0,15,0,3,1,0,0,0,0,0,7,0,0,0,0,6,0,17,0,0,0,13,0,0,0,0,10,19,0,0,0,0,0"
"73313,0,0,0,0,0,0,0,2,0,0,0,0,0,0,0,5,0,0,0,0,0,0,9,0,0,0,0,10,0,5,0,0,5,0,0,0,0,0,0,0,3,0,0,6,0,0,0,11,1,2,10"
"64906,0,10,2,2,11,10,0,0,10,7,0,0,0,0,0,0,0,0,3,11,18,19,15,0,0,7,0,0,0,1,0,0,0,11,17,15,0,0,4,7,0,4,0,2,5,0,0,6,0,7,0"
"65437,0,0,0,18,0,0,17,0,3,0,9,0,4,0,0,0,2,0,0,15,0,0,13,0,0,0,11,0,0,2,0,1,0,18,0,0,4,6,17,17,0,0,0,0,10,14,0,15,0,9,0"
"59814,0,0,19,9,14,0,14,1,2,16,7,0,4,6,0,0,0,3,5,0,0,2,0,0,0,10,19,6,0,0,0,0,15,0,18,5,0,7,0,2,0,0,11,0,10,9,0,0,6,8,2"
"13511,0,0,0,14,0,6,0,18,0,16,0,0,0,13,15,18,3,0,4,6,1,0,14,18,15,0,0,3,17,0,0,1,4,0,0,0,0,0,0,14,4,0,13,0,0,3,12,0,1,10,0"
"42587,0,0,0,0,0,0,0,0,0,0,0,7,0,0,3,0,0,0,0,0,14,11,0,0,0,0,4,0,0,0,0,0,0,0,0,0,0,0,3,0,0,0,15,0,5,0,0,0,0,18,18"
"68214,0,0,2,0,0,14,9,2,10,0,1,2,1,4,18,16,6,0,0,1,17,0,0,0,19,0,0,15,0,19,12,0,16,2,5,0,15,7,2,0,0,0,5,0,0,0,15,8,0,15,0"
"62222,0,16,9,10,1,0,9,2,6,0,10,0,16,0,0,5,0,0,10,1,16,8,0,17,0,18,18,9,0,1,0,0,0,0,13,4,0,10,0,0,6,1,0,0,0,18,0,0,0,3,0"
"39996,0,10,5,0,15,0,5,5,0,7,5,15,0,0,0,0,0,0,0,0,6,0,0,9,2,0,16,3,0,0,13,0,0,3,0,7,10,10,1,15,0,15,4,0,3,0,0,0,0,0,0"
"7390,0,0,3,18,0,2,0,17,1,0,0,4,7,0,5,13,18,0,0,0,0,0,0,12,10,17,0,11,8,11,8,0,0,0,15,18,7,4,0,11,1,0,0,0,0,0,7,10,0,0,0"
"10552,4,0,15,0,0,0,0,0,0,0,12,0,0,0,0,0,0,0,0,0,0,0,0,0,0,0,0,0,5,5,0,0,0,0,0,0,0,6,0,0,18,0,0,6,0,0,1,0,0,0,0"
"55165,4,17,5,2,15,13,0,0,8,0,0,2,0,14,0,0,0,1,0,4,10,6,12,0,19,7,0,9,0,0,0,16,0,14,19,0,19,0,0,17,0,0,0,7,0,16,1,0,6,14,0"
"19450,0,0,0,2,5,0,0,0,0,11,0,0,0,19,0,0,0,19,6,0,0,0,4,0,3,0,0,0,4,0,0,5,0,0,16,9,0,0,0,0,0,0,0,0,0,0,17,0,0,0,0"
"29153,0,3,0,0,0,0,19,14,0,17,4,0,0,0,0,4,6,19,1,0,0,0,0,1,0,0,0,0,0,0,0,0,0,1,11,0,0,17,0,16,14,0,0,8,0,0,0,0,0,15,4"
"73219,0,4,1,18,0,14,15,13,0,0,0,6,0,0,0,8,3,2,0,4,2,3,5,6,0,0,0,9,0,0,10,0,9,19,0,0,0,7,6,16,0,0,0,16,0,10,5,1,9,18,6"
"63534,0,0,0,0,0,0,0,0,2,0,0,0,0,0,0,0,0,0,0,0,0,0,2,6,7,0,0,0,0,0,0,0,1,0,0,0,0,10,17,0,0,0,0,0,0,0,0,0,0,0,0"
"31502,0,10,4,0,17,3,1,0,0,9,6,0,13,0,0,0,0,0,0,0,0,0,4,0,1,0,15,0,0,0,0,0,18,0,0,0,3,10,0,3,0,0,8,0,3,0,0,2,13,0,0"
"61277,0,0,0,0,0,0,0,9,0,0,18,0,4,18,9,0,14,0,4,0,0,0,0,0,0,0,0,2,0,6,0,0,0,0,0,4,17,0,14,0,0,0,0,0,0,3,0,0,0,0,0"
"5115,0,6,9,10,4,0,0,0,2,0,0,13,0,0,0,0,0,3,0,0,18,0,0,5,0,0,1,0,0,13,18,0,12,11,0,12,2,2,14,0,0,0,5,0,0,5,0,0,2,11,12"
"63392,0,17,9,0,0,15,0,0,0,0,0,0,0,0,0,15,0,0,7,0,15,7,0,0,0,0,0,4,19,0,0,5,0,0,0,0,9,0,0,0,0,0,0,0,8,0,19,0,0,0,0"
"27026,0,0,0,4,11,0,0,6,3,0,0,4,0,17,6,0,5,0,0,4,0,1,10,0,0,0,2,14,11,0,2,8,4,15,17,0,0,5,0,5,19,3,7,5,2,0,17,0,0,0,0"
"68029,0,3,0,0,0,0,0,0,7,0,6,0,0,0,0,3,2,5,8,9,0,0,0,2,0,0,16,10,0,2,0,13,15,0,0,7,0,0,0,0,0,0,18,11,0,19,18,0,0,4,17"
"7520,0,15,0,10,10,17,1,0,11,17,0,0,0,9,0,3,0,12,2,0,9,6,2,0,0,19,0,9,17,15,0,0,17,0,0,4,0,0,4,11,4,0,2,13,0,0,5,15,13,10,3"
"37907,0,1,0,15,1,0,0,0,3,0,19,0,0,0,0,10,0,0,5,0,1,6,10,0,0,15,0,7,18,0,17,14,6,0,15,0,0,8,19,10,10,0,9,17,11,11,3,0,5,0,0"
"23939,0,18,15,0,2,14,5,0,0,12,0,11,0,0,5,0,0,12,0,7,12,1,0,0,10,8,8,1,13,8,0,10,7,0,11,11,0,0,0,9,6,0,0,13,1,16,13,2,5,7,14"
"67617,0,2,9,3,0,0,10,0,0,0,11,5,0,0,8,0,0,0,16,5,16,0,16,12,0,19,0,15,0,0,4,0,0,1,0,0,0,15,11,0,0,0,0,14,0,0,0,19,0,0,0"
"38930,0,0,11,5,0,0,3,5,0,0,0,7,0,4,1,0,0,0,0,9,0,0,0,0,0,18,3,0,0,0,0,14,0,0,0,14,0,18,0,10,12,0,9,0,7,15,10,11,0,0,0"
"41975,0,0,0,0,0,0,0,2,0,12,0,0,0,16,5,0,0,0,0,19,13,0,0,0,0,0,0,0,0,0,0,0,0,0,1,1,4,0,0,0,1,0,13,0,11,2,1,0,0,0,0"
"69000,0,4,0,0,0,12,0,0,0,2,0,0,8,0,12,0,0,0,0,10,0,0,7,0,0,0,0,12,12,7,0,9,0,0,0,18,0,0,0,0,0,0,0,4,0,10,0,0,2,0,0"
"58320,0,0,0,13,0,0,0,0,0,2,0,0,7,0,0,0,0,17,0,0,0,5,0,6,0,0,6,0,0,0,0,0,0,10,0,0,0,9,0,19,2,0,5,0,0,0,10,0,0,0,0"
"60639,0,0,0,0,2,0,12,0,10,3,0,13,0,0,14,0,0,0,0,0,0,1,0,0,0,0,0,9,0,0,10,0,0,7,0,0,0,0,16,6,0,0,11,0,12,1,4,0,0,2,6"
"13339,0,0,12,4,4,5,2,7,2,9,0,18,4,9,19,12,9,0,5,1,9,0,0,0,2,16,11,0,4,0,2,3,0,0,1,1,0,6,0,14,0,1,12,18,18,0,12,12,5,0,0"
"55184,0,0,0,1,0,0,0,0,0,0,0,0,8,8,0,0,0,9,4,7,0,0,0,0,6,0,0,0,0,1,0,0,0,0,0,1,0,0,0,0,4,6,0,0,0,0,0,12,0,0,0"
"2220,0,14,0,2,0,0,0,0,0,0,0,0,0,0,0,0,0,0,4,0,0,0,0,0,0,0,0,0,0,0,0,0,0,0,0,3,0,0,0,0,0,0,0,0,0,0,0,0,0,0,0"
"32323,0,0,13,4,6,0,17,0,14,15,6,18,0,12,6,7,18,0,6,1,0,0,0,10,0,0,0,0,2,15,0,0,0,8,7,3,8,0,13,0,2,14,3,0,15,0,14,12,0,13,0"
"57435,0,0,9,10,17,5,0,18,5,14,0,0,18,0,14,3,0,16,16,0,18,0,7,0,0,14,0,6,11,12,8,17,0,19,0,1,0,19,0,0,5,0,0,2,0,8,16,0,0,17,1"
"16038,0,0,0,0,1,0,0,16,17,0,0,4,16,0,9,0,0,0,0,15,0,0,1,0,0,0,0,7,0,2,0,1,0,0,0,0,0,0,0,0,0,0,0,0,3,0,0,0,19,17,0"
"26591,5,18,17,8,8,5,1,9,0,1,0,2,0,16,0,0,11,18,12,0,0,5,3,0,0,0,0,11,0,0,0,0,0,0,5,0,11,4,8,11,15,18,0,4,4,0,17,12,18,14,1"
"63811,0,0,0,0,0,0,0,0,0,0,0,0,0,0,0,0,0,0,0,0,0,0,1,0,0,0,0,0,0,0,0,3,0,0,0,0,0,0,0,18,0,0,0,0,0,0,0,0,0,7,0"
"59564,0,14,4,0,0,3,15,11,0,0,0,0,0,0,0,19,0,0,0,0,3,1,0,3,16,18,11,0,19,12,0,0,0,1,0,0,0,0,7,0,0,0,0,0,4,5,18,2,0,19,10"
"74660,0,0,0,0,3,0,0,4,0,0,0,8,14,18,10,19,0,0,0,0,0,0,0,0,0,0,0,0,19,0,0,0,7,0,1,16,0,0,0,0,19,0,6,3,0,0,0,0,17,0,19"
"59236,0,0,0,0,5,0,0,0,0,3,0,0,4,0,0,0,0,0,0,0,0,0,0,0,0,0,0,0,0,0,0,0,0,0,0,0,0,0,0,0,0,0,0,0,0,0,0,0,0,0,0"
"14462,0,0,8,0,0,16,13,8,19,0,0,0,0,0,0,0,0,13,0,0,0,0,4,0,3,2,0,0,14,0,0,0,18,0,0,10,0,0,0,0,0,0,0,0,5,5,0,0,0,0,7"
"59753,0,0,0,0,3,17,5,0,10,0,18,0,0,0,10,0,0,0,0,0,0,0,0,0,12,0,0,0,0,13,0,0,18,0,0,0,16,0,11,0,0,0,0,0,0,0,1,10,0,0,0"
"60305,0,4,0,0,0,9,11,1,0,15,0,15,9,0,0,0,0,12,0,8,11,10,0,0,8,0,0,0,0,14,0,17,12,5,0,17,5,9,0,5,0,18,0,0,0,0,4,4,0,5,0"
"58032,0,0,0,0,0,0,0,0,0,15,0,0,0,10,0,0,0,15,11,8,0,8,12,3,0,0,0,0,16,5,7,10,0,10,7,0,17,7,4,0,17,7,0,0,0,0,0,9,0,0,0"
"69200,0,0,2,16,0,16,0,13,11,0,9,6,4,0,6,0,8,9,19,0,3,0,18,0,0,3,10,15,10,0,0,0,9,0,0,2,6,0,11,0,0,0,1,0,10,0,0,0,7,0,11"
"71911,0,11,0,0,8,0,0,5,0,5,0,4,0,0,0,3,0,3,0,12,3,1,0,0,11,0,0,11,0,0,19,6,0,0,0,4,0,2,0,0,15,0,0,0,0,5,0,18,0,0,13"
"2777,0,0,0,0,0,0,0,0,0,0,0,0,7,0,0,15,0,0,0,0,0,10,0,0,0,16,0,0,16,0,0,5,0,0,0,0,3,9,0,0,0,6,18,0,0,0,0,0,0,19,0"
"31104,0,0,0,0,4,9,1,0,0,0,0,0,0,0,13,0,0,0,0,0,0,0,0,5,3,0,0,0,0,0,0,0,0,0,0,0,0,0,0,0,1,3,0,4,0,0,12,0,0,0,14"
"24452,0,0,0,0,13,1,0,14,0,0,0,0,2,17,0,19,15,5,0,0,19,11,11,0,19,10,5,0,13,15,9,0,0,18,9,13,17,0,18,5,0,0,9,10,3,0,0,0,0,0,3"
"29461,0,8,0,3,4,10,0,12,0,12,10,0,0,8,16,0,0,0,1,0,0,5,0,0,0,0,18,7,18,0,0,1,2,15,9,4,1,5,0,0,19,18,6,13,0,18,2,4,0,13,4"
"46039,0,13,0,0,0,0,0,0,0,0,5,0,10,5,0,0,18,0,13,0,0,0,0,0,2,0,0,0,0,0,1,4,0,0,0,0,0,0,17,12,0,0,0,0,8,8,0,0,4,0,0"
"27036,0,0,0,0,0,0,0,0,0,0,0,0,0,0,0,0,4,0,0,0,0,0,0,0,0,0,0,0,18,0,0,0,2,0,0,0,0,0,0,0,0,0,0,0,0,5,0,0,0,0,0"
"32365,0,0,0,0,14,0,0,6,0,1,0,0,0,11,0,2,0,0,0,0,0,0,0,0,10,10,0,0,0,0,0,0,0,0,0,0,6,0,0,0,0,0,2,0,0,0,0,0,0,2,8"
"10853,0,6,15,0,0,18,3,0,0,2,0,0,9,12,0,0,0,0,0,0,2,16,13,0,0,1,6,14,5,3,0,0,14,0,0,3,0,0,0,0,16,16,0,0,0,0,18,0,0,0,0"
"24753,0,7,13,3,12,8,7,19,16,8,6,14,0,8,0,0,10,10,9,6,12,17,6,0,0,0,3,5,0,17,6,8,6,2,0,0,0,12,0,11,7,0,5,16,0,1,14,19,17,0,0"
"40168,0,0,0,0,0,6,0,0,0,0,0,1,0,0,0,3,13,0,0,0,0,0,10,0,0,19,0,0,8,0,0,7,0,0,0,1,5,0,0,0,1,0,0,0,9,18,10,3,0,0,6"
"46329,0,0,0,7,0,6,16,0,0,1,8,15,11,19,0,7,6,0,0,2,12,1,5,17,0,19,1,0,13,12,13,5,1,8,19,12,16,17,0,0,0,17,0,13,0,0,0,15,13,0,0"
"10392,0,0,0,0,0,0,0,0,0,0,10,0,4,3,0,0,0,0,7,0,0,0,15,0,0,16,4,0,0,4,0,0,0,0,0,0,2,0,12,0,0,0,0,0,0,0,0,0,1,0,0"
"38512,0,1,0,0,17,16,2,0,10,0,0,0,16,0,14,0,0,3,0,17,3,0,0,0,13,0,4,16,0,0,0,4,0,3,0,4,18,9,7,0,19,19,3,0,0,0,3,0,2,0,18"
"3859,2,0,0,0,0,0,0,2,0,5,0,0,0,0,0,0,0,0,0,0,0,0,0,0,0,0,0,8,0,0,7,0,9,0,0,0,0,5,0,3,0,6,0,0,4,0,0,0,0,0,0"
"22883,0,16,0,0,0,0,9,5,0,0,17,8,3,4,2,2,0,1,8,18,10,18,16,0,12,0,3,0,0,7,0,1,0,0,10,14,0,0,9,12,9,0,10,14,0,1,15,3,0,13,0"
"31494,0,0,0,0,5,0,0,0,0,2,0,0,0,0,0,0,0,0,0,0,0,3,0,0,0,0,0,0,0,0,0,0,0,0,0,4,3,0,0,0,0,0,0,0,0,0,0,0,0,18,0"
"26739,0,14,0,0,0,10,0,17,11,3,0,14,17,0,12,5,10,0,0,1,0,0,1,0,0,18,0,0,2,0,11,11,0,0,4,0,14,1,6,2,18,16,0,17,4,0,18,16,0,0,2"
"44960,0,19,0,8,0,2,0,0,0,0,11,0,0,0,11,0,2,13,0,0,0,0,0,0,0,0,19,17,0,15,0,0,3,1,0,0,8,0,0,0,2,0,5,0,1,2,0,0,0,0,0"
"58419,0,19,10,2,2,0,0,0,11,10,0,0,9,8,15,0,15,5,0,0,9,5,0,17,13,16,0,17,9,1,5,0,10,18,0,0,0,0,13,16,0,7,8,2,0,0,0,0,0,0,1"
"23523,0,11,0,5,0,0,0,0,0,0,0,0,12,0,0,0,0,0,0,0,0,0,13,0,1,5,0,16,0,0,19,0,10,0,0,0,0,0,13,0,0,17,0,9,0,0,17,15,7,0,14"
"27735,0,0,1,0,9,0,0,11,0,0,4,0,1,0,0,0,7,7,0,17,0,15,0,12,0,2,0,0,0,10,0,4,0,0,0,5,0,0,0,0,0,0,0,0,0,18,0,0,0,0,0"
"57338,0,4,6,0,12,17,0,0,12,0,0,0,9,5,4,2,0,7,0,0,4,0,6,0,10,0,0,0,12,0,0,0,0,0,0,11,0,0,0,7,0,14,0,14,12,0,0,0,9,0,8"
"39284,0,5,3,9,0,8,0,0,19,10,1,4,0,0,0,0,0,0,2,0,0,0,16,0,0,0,0,0,0,8,0,14,0,0,0,0,0,18,0,13,16,0,0,0,0,0,7,0,0,3,0"
"16845,0,0,0,0,6,0,0,0,8,0,16,11,0,13,11,9,0,0,13,0,0,4,17,0,0,12,0,13,5,1,3,3,0,0,7,0,0,0,0,7,0,0,4,17,0,0,0,0,0,0,5"
"32309,0,16,0,19,0,0,3,0,0,11,10,0,11,2,5,14,0,0,1,0,0,0,19,5,0,15,0,2,3,0,0,0,0,18,16,0,0,14,0,19,0,5,0,0,0,0,0,0,0,0,2"
"66149,0,0,0,0,0,0,7,0,0,0,0,0,0,0,0,0,0,0,0,0,0,0,0,0,0,0,0,2,7,0,5,0,0,0,0,5,0,0,0,0,0,0,0,0,0,0,0,0,0,0,0"
"45434,0,0,0,0,0,0,0,17,0,0,0,0,0,0,0,0,0,0,0,0,0,0,0,0,0,0,1,0,0,2,0,0,0,0,0,0,0,0,0,0,0,0,0,0,0,0,0,0,0,0,0"
"24977,0,0,0,0,0,0,11,0,0,0,0,0,0,0,14,0,0,0,0,0,1,19,0,4,0,0,0,3,5,0,0,8,19,1,0,16,0,14,2,0,0,13,0,0,0,0,13,0,5,7,0"
"35672,0,0,9,0,8,6,0,1,0,0,19,6,0,0,5,0,0,0,0,15,8,5,0,0,13,0,16,0,18,12,12,10,0,5,0,13,0,16,0,11,8,9,5,7,7,0,13,0,4,18,0"
"31735,0,0,2,2,7,0,15,15,5,0,7,16,9,9,0,9,0,0,11,1,3,3,2,1,0,6,16,16,12,3,2,0,0,13,12,2,16,18,0,8,1,0,0,18,9,4,5,15,13,15,0"
"22982,0,3,0,0,0,0,0,0,0,0,14,0,0,10,0,0,0,0,0,13,0,0,4,0,0,0,0,0,0,0,0,0,12,16,0,0,0,0,0,0,0,0,0,0,0,0,0,0,0,13,0"
"18173,0,1,0,0,0,0,8,0,14,0,0,0,2,8,1,16,2,12,3,2,0,0,0,17,17,0,0,0,6,11,0,8,0,18,2,0,5,4,0,0,12,1,6,16,13,0,0,5,1,0,2"
"67209,0,0,0,10,0,0,0,8,19,0,0,0,14,0,0,0,0,16,0,10,6,3,1,0,0,0,0,0,0,0,0,3,0,0,0,11,19,0,0,8,7,5,18,0,2,17,0,0,7,2,4"
"59934,4,0,0,0,1,0,0,0,0,2,0,5,18,0,0,12,0,0,0,0,0,0,0,0,0,0,13,0,5,12,11,0,0,0,0,0,0,0,0,0,14,0,11,4,0,0,0,19,0,0,12"
"8272,0,0,0,0,7,5,1,11,12,3,11,1,9,5,0,11,0,0,2,7,17,0,14,0,6,9,0,0,0,19,2,8,2,0,0,0,7,13,8,0,9,10,0,0,9,0,0,0,18,0,7"
"9336,0,0,0,0,0,0,2,16,0,0,16,0,0,0,0,0,1,1,0,0,0,0,0,1,0,0,0,0,0,0,14,0,5,15,9,0,0,0,0,8,0,0,2,0,0,12,11,0,0,0,0"
"54745,3,12,0,3,10,0,0,0,0,0,0,0,16,7,0,18,0,7,0,0,12,0,0,4,0,0,0,9,19,0,16,0,11,18,0,0,0,16,0,0,0,0,0,0,0,0,10,7,8,0,15"
"31947,0,0,0,0,0,0,0,0,13,0,19,0,0,0,0,0,0,3,0,0,0,15,0,2,3,0,14,0,0,0,13,2,0,2,1,18,0,0,15,0,0,0,0,0,0,6,0,17,0,0,0"
"60944,0,0,5,0,0,0,0,0,0,0,0,4,14,0,0,0,0,14,0,0,4,0,0,2,0,0,9,0,5,0,0,0,3,2,10,3,0,0,0,0,0,0,2,1,0,0,0,0,0,0,3"
"38998,0,3,0,0,0,4,17,0,18,0,0,18,2,0,5,0,13,15,0,5,15,0,6,5,15,0,9,16,3,0,13,2,4,7,0,16,0,0,1,2,0,0,8,10,0,0,0,4,0,8,8"
"25938,0,13,5,1,0,3,19,0,2,0,17,0,0,0,0,0,0,0,0,0,9,5,3,13,16,0,0,0,0,0,9,13,6,19,0,0,0,5,0,17,0,0,0,0,13,0,0,12,0,0,0"
"29491,0,19,0,0,0,8,0,0,0,0,0,1,0,0,15,5,5,8,10,12,0,1,0,0,0,14,8,17,11,0,9,4,0,14,3,11,0,0,13,13,3,0,0,0,0,6,0,0,18,13,11"
"46992,0,0,18,0,0,0,2,0,5,0,0,8,0,5,6,0,1,0,3,0,17,19,0,11,18,0,12,0,0,0,12,0,3,0,15,0,0,16,0,0,0,0,0,0,13,0,0,9,0,13,0"
"72104,0,12,18,0,0,7,9,12,0,18,0,18,1,10,17,0,0,4,6,5,0,9,3,0,4,14,10,11,9,3,0,16,0,0,8,2,0,14,13,0,13,12,1,0,6,4,0,12,3,0,14"
"50786,0,0,9,8,0,11,7,11,14,0,4,0,11,0,0,0,11,0,0,0,0,0,0,0,2,18,0,17,0,0,11,16,0,18,0,0,1,4,1,0,9,11,0,0,12,0,10,4,0,0,0"
"17559,0,0,0,0,0,0,0,0,2,0,0,0,0,0,0,0,0,0,0,0,0,0,0,0,0,0,3,5,0,0,0,0,0,0,0,0,0,0,0,0,0,0,0,0,0,0,0,0,0,0,1"
"8146,0,0,19,0,0,5,0,0,0,19,6,9,0,7,0,0,0,2,15,0,0,0,0,0,14,0,0,5,9,13,0,0,0,19,19,11,18,18,4,0,2,0,0,0,6,5,0,17,4,0,18"
"5080,0,0,0,0,7,0,0,0,0,4,0,0,0,0,1,0,15,0,2,0,14,0,2,18,11,0,6,0,8,0,15,15,0,0,0,3,0,0,0,0,0,0,0,0,1,0,0,0,0,6,0"
"49877,1,0,13,0,0,0,0,0,3,0,0,0,18,17,0,0,0,0,0,0,6,16,0,11,0,0,10,0,0,0,0,0,0,10,16,2,2,14,0,7,8,0,0,13,0,0,0,0,0,3,0"
"52857,0,13,0,0,6,0,4,15,0,17,0,0,17,0,0,0,4,0,13,15,11,18,10,0,16,5,0,1,8,0,0,0,15,0,19,17,8,5,0,15,0,2,19,0,0,0,7,19,0,0,0"
"68305,0,18,12,3,0,0,0,0,7,8,0,12,19,1,0,11,0,5,0,0,1,0,0,0,14,0,13,0,0,17,0,15,0,12,0,0,0,0,6,0,0,0,0,17,19,0,9,11,0,0,0"
"51626,0,0,1,3,0,0,0,0,0,0,0,0,0,18,0,0,0,0,0,0,0,0,0,0,14,2,0,0,16,0,15,7,15,0,0,0,0,6,0,0,0,19,0,0,0,0,0,0,0,0,0"
"32167,0,11,0,0,1,9,5,6,4,12,0,0,0,0,0,0,0,0,4,0,16,12,0,0,0,4,0,0,0,5,5,12,0,0,0,6,0,15,11,3,4,0,5,6,11,0,0,0,0,0,0"
"50383,0,9,2,0,5,7,16,1,0,8,12,8,17,4,5,6,17,8,0,0,0,10,0,2,9,14,0,9,0,10,0,0,16,0,2,0,0,0,18,18,3,1,0,0,7,13,4,19,0,4,6"
"33558,0,15,0,0,0,11,0,4,0,0,0,0,0,0,0,14,0,2,4,0,0,0,0,0,5,8,19,0,0,0,0,0,7,0,5,8,0,0,9,0,0,3,0,0,7,0,0,0,0,0,0"
"30581,0,0,0,11,7,0,16,0,6,0,0,0,14,0,0,19,0,7,16,0,0,0,19,3,0,0,0,0,0,6,0,0,18,0,1,16,0,0,0,0,19,0,4,13,0,0,0,0,0,0,0"
"2531,0,5,0,0,0,0,1,13,0,12,7,16,0,0,8,0,0,0,4,0,1,0,17,0,0,18,0,0,0,0,0,16,0,0,6,0,0,0,3,14,0,19,14,0,0,0,0,0,0,0,8"
"73916,0,0,0,0,0,10,14,7,0,0,0,16,0,0,0,0,3,11,0,0,0,0,0,3,0,0,0,17,0,0,0,0,5,0,1,0,0,0,0,17,0,0,0,5,12,16,0,0,10,0,0"
"57962,0,9,0,7,0,0,0,0,0,0,0,16,0,16,7,13,0,0,18,17,0,0,0,0,7,0,0,4,0,0,0,0,14,0,0,10,12,0,0,0,11,0,0,0,15,0,0,0,0,0,0"
"31369,0,0,0,0,8,12,0,0,0,4,0,0,0,0,1,5,6,0,5,0,1,0,0,11,7,7,0,5,17,1,0,0,9,17,0,0,0,0,0,4,0,0,0,3,2,0,7,0,10,0,1"
"6002,0,0,17,0,0,3,0,13,0,0,2,0,6,3,0,18,18,0,0,0,0,0,0,13,19,0,0,4,3,0,0,0,8,8,0,6,14,5,12,0,9,8,0,0,0,1,1,0,7,0,0"
"22057,0,0,2,0,19,0,0,0,0,0,8,1,19,13,0,0,0,0,2,19,0,0,0,0,0,13,0,9,0,0,0,0,4,10,14,0,0,5,13,0,0,0,0,0,13,2,0,0,0,0,0"
"29619,0,12,17,0,5,0,0,0,0,7,0,18,7,12,0,16,0,4,0,9,0,5,4,6,16,0,0,0,4,0,1,15,12,5,5,8,0,15,16,0,14,0,0,16,0,17,2,16,0,14,7"
"32803,0,0,10,11,0,0,0,0,0,2,0,12,11,8,0,12,18,3,0,16,0,11,0,0,18,0,0,10,0,17,7,19,0,0,5,0,0,0,0,0,0,0,0,10,0,19,6,4,4,0,0"
"22323,0,17,0,15,0,0,1,0,0,4,0,0,0,0,0,0,5,0,0,0,0,0,0,0,15,0,0,0,0,4,0,0,4,0,0,0,3,0,0,0,0,0,0,0,0,0,0,0,5,0,0"
"37451,1,14,0,0,0,0,0,0,0,0,0,9,11,10,0,14,4,16,0,16,0,0,9,9,5,5,0,1,4,0,0,13,0,0,10,16,0,7,0,7,0,17,17,11,0,0,0,13,0,14,0"
"12093,0,17,18,0,0,9,11,7,0,13,3,6,0,0,9,0,17,5,0,2,13,2,15,1,0,7,0,18,0,0,1,0,6,9,18,13,0,10,0,0,0,4,7,0,0,19,0,4,1,0,7"
"1372,0,13,0,8,0,0,18,4,0,0,9,0,18,0,0,2,0,9,18,0,12,0,0,0,0,0,0,15,0,0,0,0,0,5,0,0,0,0,0,0,0,0,0,15,0,0,0,0,0,3,0"
"8355,0,0,0,2,0,4,0,0,0,17,1,15,16,7,0,0,0,17,6,0,13,18,18,15,14,13,18,5,1,5,0,5,0,0,9,10,1,0,0,0,19,0,3,1,0,14,0,0,0,0,0"
"35702,0,0,0,0,0,15,0,5,0,0,12,0,0,0,2,0,9,12,3,0,2,0,4,0,0,12,0,0,0,0,0,0,0,0,0,0,0,5,0,0,10,0,0,0,1,17,0,0,0,0,0"
"43574,0,0,0,2,12,3,7,0,7,0,3,8,0,0,17,4,3,6,16,0,0,0,7,0,0,0,15,0,16,16,13,15,7,0,0,12,0,0,0,0,0,0,0,16,5,5,0,11,0,19,14"
"13784,0,8,0,3,1,0,0,0,0,0,0,19,0,9,0,10,0,0,0,3,0,2,11,18,10,0,7,0,0,0,11,0,0,0,0,0,0,4,6,15,0,4,4,17,0,10,0,18,0,0,9"
"66154,0,0,0,0,0,0,0,0,0,0,0,0,0,0,3,0,0,0,0,0,0,0,5,0,0,0,0,0,0,0,0,0,0,0,0,16,0,0,0,5,0,0,0,0,2,1,0,0,0,0,13"
"32240,0,16,0,7,1,15,6,13,11,4,19,0,5,16,6,0,0,4,0,3,0,15,13,16,0,0,1,0,0,0,18,0,8,0,7,3,0,11,17,1,12,13,12,16,0,9,4,0,0,0,10"
"38061,0,10,19,4,0,0,0,1,0,0,0,0,0,0,14,0,2,0,3,0,5,12,0,5,0,0,11,0,0,0,0,0,0,4,8,0,4,0,0,0,0,0,0,12,1,0,17,0,19,0,16"
"801,0,2,5,3,0,11,7,0,8,0,0,3,3,0,0,0,0,0,0,0,16,0,0,0,5,0,10,0,0,0,0,5,0,0,5,0,0,0,4,0,0,0,0,14,0,0,5,15,0,16,8"
"21090,0,18,0,0,0,0,17,8,5,5,12,0,0,0,0,16,0,0,1,0,0,0,7,5,0,0,16,18,15,0,0,1,0,0,18,0,12,0,0,11,3,2,0,0,15,0,10,0,4,0,17"
"1144,3,0,10,0,0,5,0,0,0,10,9,2,15,0,0,0,19,0,0,0,9,0,10,0,0,0,13,0,4,7,1,0,0,0,0,16,0,0,0,0,0,2,4,13,2,0,0,4,0,0,11"
"64560,0,0,13,9,0,0,8,1,18,13,16,0,0,0,0,3,1,0,17,2,2,1,1,0,0,0,0,0,5,1,19,0,0,1,0,0,0,0,11,10,19,0,5,6,1,11,18,12,0,3,0"
"55732,0,0,0,0,0,0,0,0,0,0,14,0,5,17,0,0,15,2,0,0,0,0,0,7,0,0,12,0,0,0,0,0,3,0,9,5,0,0,0,0,0,0,0,0,0,12,0,9,0,0,0"
"156,0,4,18,16,0,8,0,4,0,0,0,6,3,10,0,1,15,2,0,0,10,19,0,0,0,11,13,0,0,18,11,0,0,0,10,0,14,0,12,12,0,4,0,2,3,0,0,1,0,16,7"
"41036,0,0,0,0,11,0,0,0,0,14,0,0,0,0,4,0,0,0,8,0,0,11,0,5,0,0,0,0,0,0,18,0,15,9,13,0,0,0,2,0,0,0,0,0,15,0,0,0,0,0,0"
"3177,0,0,0,9,4,9,9,17,0,18,12,0,19,16,0,7,0,0,6,0,1,0,4,0,0,7,0,2,0,3,14,12,0,1,0,0,8,16,3,0,15,0,12,0,0,19,0,0,3,3,17"
"31435,0,17,0,0,0,0,10,2,0,0,2,0,0,0,3,0,2,0,0,0,16,0,8,0,0,0,0,0,0,0,0,0,0,0,0,0,0,0,11,0,0,0,0,0,0,11,0,0,0,8,0"
"38129,0,0,0,0,0,0,0,1,0,0,0,0,0,0,0,12,0,0,0,0,0,0,0,0,0,9,0,0,0,0,0,0,0,5,11,0,0,0,17,18,0,0,4,14,0,4,0,0,0,0,0"
"68050,0,15,0,16,0,0,0,0,0,16,7,0,19,13,0,0,0,0,0,4,0,19,0,0,0,0,0,0,0,0,17,0,0,0,0,0,0,2,4,1,13,5,0,6,0,0,4,18,0,0,0"
"27005,4,0,2,0,6,5,0,3,0,13,3,0,6,0,0,0,0,0,0,0,14,0,0,0,11,0,5,0,0,0,5,0,0,0,18,4,5,0,0,0,0,12,3,0,19,0,3,0,0,0,7"
"17153,2,0,0,0,0,0,0,0,0,0,0,17,0,9,8,0,0,0,0,0,0,0,4,0,0,0,0,0,0,0,0,11,0,0,0,0,0,0,0,0,18,0,0,0,10,0,6,0,0,0,0"
"49001,0,0,0,13,3,0,4,0,7,14,7,13,15,7,16,0,19,0,18,0,2,0,0,0,15,0,6,0,0,2,12,0,0,18,10,13,0,0,11,14,1,9,2,3,6,0,11,11,7,0,3"
"70023,0,6,4,2,14,2,19,7,17,0,0,0,0,8,0,0,6,1,0,11,0,0,16,17,14,0,0,0,13,0,6,13,18,12,3,0,1,0,0,9,0,19,9,0,1,16,9,19,0,0,15"
"55657,0,0,5,7,0,8,11,14,12,2,1,0,0,5,0,0,0,1,19,14,0,0,0,0,19,0,15,8,0,13,14,0,0,0,0,0,0,18,0,11,14,0,0,0,0,0,14,7,0,0,0"
"42237,0,8,0,0,0,0,0,16,0,0,2,0,0,17,14,0,3,0,0,0,12,0,0,0,0,7,0,0,2,0,0,0,0,0,0,19,0,0,0,3,0,0,0,2,1,0,0,11,0,0,0"
"34188,0,4,15,4,0,9,3,0,0,0,0,11,15,0,4,14,0,0,4,13,7,0,6,19,12,0,4,1,13,0,10,0,0,0,4,5,0,0,16,17,0,8,1,0,9,0,0,0,0,4,0"
"49723,0,17,17,0,0,18,18,7,15,11,0,12,0,7,6,3,1,0,17,0,0,9,0,11,0,0,4,1,0,3,0,0,3,0,0,19,0,12,6,0,15,17,10,4,8,12,1,8,0,4,15"
"50649,0,16,14,16,16,3,0,5,10,19,0,6,8,0,5,0,0,11,16,0,0,19,0,9,0,4,16,0,4,1,0,0,0,0,7,10,0,11,9,3,0,0,0,9,3,10,16,0,0,10,0"
"64366,0,0,0,18,0,0,12,17,0,3,16,18,19,0,17,5,1,8,0,16,0,0,16,0,0,13,0,18,0,0,4,0,5,7,0,0,4,14,19,18,12,7,0,0,0,7,16,0,0,0,0"
"33619,0,13,0,0,1,11,0,0,0,0,0,0,18,0,7,0,13,0,0,0,16,0,0,2,1,0,0,0,0,0,0,12,0,5,9,5,0,0,0,15,7,0,18,4,0,0,0,0,0,7,0"
"46389,0,0,13,0,5,0,0,0,0,1,0,0,0,3,0,0,0,0,0,0,0,0,0,0,0,0,0,0,0,0,0,0,0,0,0,0,0,3,0,1,0,0,0,0,0,0,0,0,0,0,16"
"30854,0,6,17,0,0,0,0,10,0,0,0,17,1,6,11,0,0,0,0,0,0,0,0,0,0,0,11,0,11,13,5,0,3,0,0,0,0,0,0,18,0,0,0,0,18,5,10,0,16,12,0"
"31165,0,0,0,0,2,0,0,0,0,3,0,0,0,0,12,0,0,0,0,0,0,0,0,0,0,0,0,0,0,0,0,0,0,0,0,0,0,0,0,0,0,0,0,0,0,0,0,0,0,0,0"
"41090,0,4,6,0,16,0,9,19,5,0,0,12,0,2,4,0,0,0,15,5,0,0,0,0,0,0,0,0,0,8,18,0,0,0,0,0,0,9,4,13,6,0,0,0,5,0,0,0,0,0,0"
"33354,0,0,0,0,0,0,0,0,12,4,0,0,0,1,0,7,1,0,1,0,0,0,0,0,12,0,0,0,17,0,0,0,1,0,16,0,0,0,0,0,0,0,4,0,0,2,0,0,0,0,0"
"49415,0,5,16,7,17,0,14,4,0,0,0,18,0,0,0,17,8,0,3,0,0,18,0,17,0,10,4,5,5,2,0,4,0,0,2,0,0,0,0,6,0,0,0,0,15,0,11,0,0,0,0"
"38964,0,0,5,0,0,0,7,0,0,18,0,0,0,0,0,0,0,0,0,0,0,0,9,2,5,0,0,0,0,4,0,0,0,0,0,0,0,3,0,0,3,4,0,0,0,0,0,0,0,0,0"
"25673,0,0,0,0,0,5,0,2,0,6,0,3,0,0,11,4,0,1,0,0,0,0,0,0,0,9,0,0,0,0,0,0,0,11,0,0,6,0,0,0,0,0,0,2,0,0,19,0,0,0,0"
"42995,0,16,10,0,11,0,0,0,0,0,0,5,0,0,11,2,0,17,0,0,0,4,0,0,0,0,0,0,4,10,0,0,0,0,0,5,0,3,0,12,0,0,0,0,3,0,0,6,2,0,0"
"6057,0,0,0,14,16,0,9,0,0,14,8,5,0,5,19,19,0,4,0,0,19,0,1,15,16,7,5,0,0,15,8,4,3,0,2,16,0,8,19,4,2,0,4,0,2,14,0,0,8,12,18"
"35483,0,0,6,0,8,0,4,15,12,0,0,0,0,0,0,0,1,0,4,13,0,0,0,0,5,0,18,18,0,0,0,0,0,0,0,18,10,0,0,12,15,0,0,0,15,0,15,0,0,0,0"
"36386,0,3,6,1,8,1,19,1,16,2,15,0,0,0,1,0,13,8,19,18,0,15,3,0,15,3,18,0,0,15,10,0,6,5,8,7,15,12,10,18,9,13,0,0,16,18,0,4,7,8,0"
"32611,3,0,14,0,0,0,0,0,0,0,0,13,6,2,0,0,0,0,0,1,0,0,0,0,0,0,0,0,0,0,8,0,0,0,0,0,3,0,0,0,0,0,0,0,0,0,5,0,0,13,0"
"29846,0,15,0,0,0,0,8,6,0,0,0,0,0,7,0,0,5,3,0,0,0,0,0,0,0,0,0,0,0,0,0,0,1,0,0,0,0,0,0,0,0,0,0,0,0,4,0,0,16,0,0"
"65514,0,0,0,13,8,0,0,0,9,0,0,9,13,0,4,8,0,0,0,0,12,0,0,7,0,0,0,0,0,14,13,14,2,0,0,3,0,0,14,0,0,1,0,0,0,13,19,0,4,0,0"
"44973,0,0,0,0,0,0,0,0,7,0,18,0,0,10,19,0,0,0,0,11,0,14,0,0,0,3,0,0,0,0,13,0,0,0,0,0,0,8,0,0,18,0,0,0,0,0,0,0,0,0,0"
"41040,0,0,0,17,19,0,0,0,0,0,13,0,0,0,0,0,0,0,0,0,0,0,0,0,0,0,7,0,0,0,0,0,4,0,5,4,17,0,0,0,0,0,0,0,0,1,0,0,1,2,0"
"72244,0,3,0,0,13,9,17,0,0,0,0,0,13,0,0,0,3,5,0,0,0,0,2,0,0,0,0,17,17,12,2,0,0,5,2,0,0,0,0,1,0,14,2,0,19,0,4,9,0,0,0"
"46529,0,3,7,0,0,0,15,15,12,10,0,0,0,0,5,0,0,0,0,10,1,19,0,7,5,0,15,0,0,18,5,16,0,0,6,14,15,0,0,0,1,9,16,0,18,8,4,0,12,0,1"
"41608,3,0,10,0,17,0,6,4,0,0,0,9,12,17,0,0,13,0,0,0,0,3,0,0,6,0,0,18,0,0,19,0,0,0,12,0,11,0,0,0,15,0,0,7,0,0,0,0,0,0,7"
"25004,0,16,0,0,17,13,4,1,0,15,0,6,0,0,8,15,0,0,17,0,0,0,1,8,0,0,0,0,0,1,0,0,0,14,0,1,0,0,0,7,0,0,13,0,1,0,0,0,0,14,18"
"21085,0,0,0,6,0,0,16,5,6,0,0,2,0,1,0,7,5,0,15,3,6,10,7,0,18,0,0,0,0,0,0,0,10,6,6,0,0,11,0,3,0,0,0,0,16,2,11,0,19,14,16"
"46405,0,0,9,0,0,0,0,0,4,0,0,4,0,0,0,0,15,0,13,0,2,0,0,13,0,0,0,0,8,0,2,0,0,5,0,0,11,0,0,0,5,0,0,0,0,3,5,6,0,0,0"
"20992,0,4,0,0,4,0,0,0,0,0,0,5,0,0,0,0,0,0,0,0,0,0,0,0,0,0,0,0,0,0,0,3,0,0,0,0,0,0,0,0,0,0,0,0,0,0,0,0,0,0,0"
"53227,0,7,0,0,5,0,0,0,0,12,0,0,0,0,0,5,2,11,0,0,19,14,0,5,0,0,5,0,0,4,6,4,4,2,0,5,0,0,0,17,9,6,0,0,8,0,0,0,5,0,0"
"68681,0,15,18,6,0,0,0,0,9,0,17,0,17,14,12,0,0,1,0,15,6,0,0,1,0,6,0,0,0,0,6,13,0,0,5,17,0,19,2,19,6,3,16,0,0,16,0,0,0,0,13"
"72937,0,0,14,0,5,0,0,0,0,2,15,17,2,0,0,0,1,0,16,0,0,0,4,0,0,0,0,0,0,16,0,13,0,0,0,0,0,10,0,0,0,2,0,0,5,0,0,0,18,0,0"
"28263,0,0,0,0,0,0,7,16,11,0,13,0,18,0,10,0,0,0,6,14,16,0,15,0,0,0,14,0,1,0,0,0,0,1,0,0,10,0,0,0,0,2,5,0,0,0,0,0,0,0,0"
"17892,0,1,17,10,3,3,9,0,0,2,0,0,0,0,3,11,9,10,1,6,6,0,0,18,0,0,11,0,11,2,19,0,14,6,8,3,0,0,3,0,14,8,7,9,0,13,0,0,0,0,0"
"2017,0,4,0,0,8,0,8,0,0,0,0,0,0,0,5,0,0,0,13,0,0,3,0,14,18,16,0,0,0,4,0,1,0,2,0,0,3,0,9,0,0,5,14,0,0,1,14,0,0,11,0"
"34821,0,0,0,17,0,0,0,0,0,0,0,3,0,0,0,0,11,7,0,4,15,1,0,0,0,1,0,0,14,0,0,0,0,0,0,0,7,0,5,0,0,12,0,0,18,0,7,0,0,14,0"
"54230,0,9,0,0,0,4,0,5,0,0,0,0,0,2,0,0,0,0,0,0,5,15,18,0,0,0,0,0,0,0,0,0,0,0,0,0,12,0,0,0,0,0,0,9,16,0,0,0,0,0,0"
"58319,0,0,0,0,0,0,0,0,0,0,10,0,0,0,12,0,14,0,7,1,0,0,0,0,0,0,0,10,3,0,0,0,0,1,0,0,12,0,0,0,0,0,0,0,0,0,0,0,0,7,16"
"22494,0,10,0,0,14,0,0,5,0,0,5,0,0,3,0,8,0,0,0,0,9,0,0,0,0,0,0,0,13,0,0,0,0,0,0,0,0,16,6,0,2,0,0,19,11,0,0,0,5,10,0"
"47033,0,12,7,3,0,14,12,0,15,0,0,9,1,0,7,0,14,0,3,17,0,0,3,4,13,8,8,0,2,0,0,14,0,0,0,6,0,14,0,0,0,17,12,0,6,0,7,17,0,18,16"
"52554,0,0,4,2,7,0,11,0,0,17,0,0,0,14,1,0,17,15,9,1,0,0,3,6,5,13,9,0,18,2,0,0,8,0,14,0,0,11,12,11,0,0,0,0,9,12,13,4,1,10,6"
"44137,4,0,10,5,4,0,11,0,11,18,13,13,0,3,10,0,19,18,0,0,1,0,18,15,14,0,0,0,18,2,19,0,8,0,8,1,17,12,0,10,6,1,14,6,0,0,1,0,0,0,13"
"56608,3,4,0,7,0,5,5,15,9,0,0,11,14,0,0,0,2,0,0,17,0,0,0,0,4,19,0,0,0,4,2,0,0,17,14,4,0,11,0,0,13,4,2,12,16,0,0,0,11,0,0"
"69918,2,0,0,0,0,0,0,0,15,0,4,15,0,13,0,4,0,0,0,2,0,13,0,0,12,0,0,0,11,0,0,0,0,0,0,0,0,11,3,14,0,0,0,13,13,0,4,0,0,0,0"
"33123,0,0,0,0,0,0,0,0,0,0,0,0,13,0,12,0,1,0,0,2,0,10,0,0,0,0,0,1,0,0,1,0,1,0,0,0,0,9,0,0,0,0,0,0,0,3,0,0,9,0,0"
"52815,0,0,0,0,4,0,8,0,0,0,0,0,17,0,3,0,0,0,0,0,0,11,13,0,0,4,0,0,0,0,0,0,19,0,0,0,0,0,7,0,0,0,0,0,3,0,0,0,0,7,0"
"72675,0,14,0,0,0,16,0,1,11,9,2,0,2,11,7,3,0,11,8,0,13,7,10,0,0,3,0,0,0,9,6,0,10,0,3,0,0,7,3,2,0,10,15,18,0,8,13,0,0,1,13"
"37769,0,1,5,0,0,3,7,0,0,0,0,1,15,1,2,16,0,0,0,14,1,0,14,0,0,0,3,15,12,14,0,0,10,0,0,0,1,9,0,4,0,1,6,0,13,6,0,9,0,0,0"
"1346,0,1,4,0,0,13,0,0,0,0,3,0,0,0,18,10,1,12,8,0,0,5,0,0,0,9,13,1,4,3,16,7,3,0,18,19,16,9,17,0,10,0,17,0,13,1,0,13,0,0,13"
"73924,5,3,0,11,10,12,4,0,0,5,0,12,9,0,0,0,3,9,10,12,6,0,19,17,8,2,13,0,15,3,0,6,0,19,0,0,16,18,13,12,2,0,4,9,0,14,4,14,6,0,0"
"38411,0,0,0,0,0,0,0,0,0,0,0,17,0,0,0,0,10,1,8,0,0,0,0,0,16,0,0,12,8,0,0,5,3,0,0,8,0,0,0,0,0,2,0,0,0,1,0,0,0,0,0"
"52213,0,0,0,18,0,17,0,5,1,0,17,18,0,0,0,13,0,0,0,0,0,16,3,0,18,12,12,0,0,0,0,0,0,11,0,6,0,0,18,8,0,15,17,0,11,0,0,14,11,0,0"
"67640,0,0,0,0,0,0,14,0,7,0,0,0,17,0,0,0,0,0,11,0,0,0,5,8,5,0,0,0,0,0,0,17,3,0,5,0,0,0,0,3,0,0,0,0,0,0,8,0,9,0,0"
"25424,0,0,0,0,0,0,11,1,0,0,13,3,9,5,8,18,0,9,7,0,0,6,1,0,0,5,0,13,17,0,4,17,0,0,2,0,0,5,10,0,0,0,9,16,13,19,0,0,17,0,0"
"22240,2,0,1,9,10,3,3,0,0,6,11,12,12,0,0,5,0,0,0,0,0,4,15,15,7,4,0,7,0,18,15,1,0,4,0,0,0,0,6,8,2,13,2,10,10,2,1,3,0,0,7"
"23028,0,0,0,0,0,10,4,0,0,0,0,14,11,10,0,14,0,2,0,4,0,12,0,0,14,12,0,0,1,0,5,0,0,0,16,14,0,5,0,0,0,0,0,5,0,0,4,4,0,0,0"
"3571,0,0,0,0,0,16,2,0,0,11,5,0,7,1,2,6,4,0,0,0,13,0,0,0,17,0,17,0,0,7,0,11,3,19,0,0,0,0,2,10,0,0,0,17,2,18,0,0,0,0,0"
"25304,0,12,0,4,9,0,2,0,0,13,0,4,1,19,0,0,0,1,12,0,0,14,0,17,15,0,9,0,0,8,0,0,0,12,0,0,2,1,0,3,13,0,4,10,0,0,3,8,14,0,0"
"39724,0,18,2,8,0,0,0,0,5,0,0,0,0,3,0,5,0,0,4,5,14,0,0,0,15,12,0,0,15,0,0,0,0,3,3,0,2,0,0,0,0,0,10,0,5,19,0,0,13,4,0"
"70081,0,2,13,0,16,9,0,0,0,0,0,0,6,6,15,2,0,5,0,0,16,0,0,0,12,6,8,0,0,4,4,0,2,6,0,4,10,19,5,3,4,0,9,7,7,0,0,0,0,0,0"
"16835,0,0,0,17,0,0,0,0,0,0,2,0,0,0,0,0,0,0,0,0,0,0,0,4,1,0,0,0,0,0,0,0,0,0,0,0,0,0,0,0,3,4,0,1,0,13,0,0,0,0,0"
"14668,0,18,11,0,0,0,0,0,0,1,0,16,0,0,0,2,0,0,0,16,0,7,0,0,0,0,12,14,0,2,0,0,18,0,0,0,8,0,17,16,7,14,0,0,0,0,0,7,2,3,0"
"49554,0,0,0,14,3,0,3,1,0,0,16,0,0,0,0,0,0,0,0,7,0,0,1,0,0,0,0,0,0,0,0,0,0,0,0,0,0,0,15,0,0,0,0,0,0,0,0,0,0,0,0"
"37229,3,0,0,0,0,0,0,4,0,13,0,8,3,0,0,0,0,6,0,0,3,0,0,0,18,0,1,0,1,0,0,0,0,0,0,0,0,0,0,10,9,0,0,0,0,0,0,7,1,0,0"
"64019,0,0,0,0,0,10,0,0,0,8,1,0,0,0,0,5,0,0,3,0,0,0,0,0,0,11,12,0,0,0,0,1,16,5,0,17,0,0,11,0,0,11,15,0,0,0,14,0,2,0,0"
"52098,1,0,0,0,0,0,0,0,0,0,0,18,0,6,0,0,0,0,3,0,0,11,0,0,0,12,0,0,0,13,13,0,0,0,5,0,0,0,5,2,18,0,8,0,9,1,0,14,0,0,0"
"40281,0,0,0,10,16,14,0,18,0,0,0,1,0,0,18,0,0,0,8,0,0,0,4,7,0,0,0,10,0,0,19,19,0,0,0,0,0,5,0,8,0,0,0,0,0,6,0,14,0,5,0"
"44613,0,0,0,5,0,0,0,0,0,0,0,0,4,0,5,0,0,0,5,0,0,0,0,0,0,3,0,0,0,2,0,0,0,0,0,1,0,0,3,0,16,0,0,0,0,10,0,0,0,0,0"
"54236,0,16,17,0,0,0,6,0,16,0,0,0,0,0,0,11,2,0,11,0,0,0,17,0,1,0,0,0,0,0,0,0,1,0,0,0,16,0,5,0,0,17,0,0,0,4,0,0,11,0,1"
"19156,0,0,0,6,0,0,0,0,0,0,0,0,7,0,0,0,0,0,0,0,0,0,0,0,0,3,0,0,0,0,0,0,0,0,0,0,0,0,0,11,0,0,2,2,17,0,0,9,0,6,0"
"34077,5,0,5,0,0,0,2,0,0,0,0,17,0,0,0,0,0,0,0,0,0,0,0,0,0,0,0,0,0,6,0,8,0,0,0,17,0,4,0,0,0,16,18,0,0,3,5,0,0,0,0"
"14076,1,8,0,5,7,0,16,2,0,5,18,8,17,0,0,11,9,0,1,1,14,18,0,15,16,0,0,5,0,0,3,0,0,4,15,2,4,19,0,3,0,0,4,2,3,12,12,0,0,0,0"
"10931,0,0,19,0,1,0,0,15,0,14,7,18,0,18,0,1,14,11,9,0,5,0,0,0,0,2,0,0,1,8,18,0,0,0,0,0,0,0,14,0,5,11,0,10,0,3,1,0,1,0,3"
"66983,0,0,0,0,0,0,0,18,3,0,0,8,12,0,0,11,8,7,9,7,0,19,0,15,11,14,1,10,0,0,0,0,0,13,0,19,10,13,0,19,18,5,0,2,0,5,17,0,0,4,0"
"70951,0,2,0,0,0,0,0,0,0,9,0,0,0,0,0,12,0,0,0,5,0,0,0,0,0,0,0,0,0,0,0,0,0,0,0,0,0,1,0,0,0,0,0,0,0,0,0,0,0,0,0"
"13338,0,0,16,0,18,0,0,0,0,5,19,5,0,11,0,0,0,0,0,11,2,8,0,0,7,0,0,0,1,8,10,0,0,0,14,0,8,2,3,0,0,0,8,0,16,0,7,0,0,0,0"
"55050,0,0,0,7,4,0,0,19,15,0,0,2,17,5,14,15,0,15,5,0,3,0,3,0,19,0,3,9,1,4,4,0,0,15,0,2,0,15,0,0,13,0,2,0,14,17,13,0,0,0,15"
"71227,0,11,12,0,11,0,10,0,0,0,0,16,0,10,1,14,2,0,2,12,4,12,18,0,18,0,6,15,0,10,0,11,17,1,17,0,0,0,0,18,0,0,9,2,11,4,0,17,0,3,0"
"19546,0,0,1,0,7,18,12,0,16,7,0,0,16,8,7,18,14,11,18,15,1,0,9,18,9,15,0,0,13,15,0,0,12,12,0,0,0,11,2,0,0,1,0,0,0,0,19,0,0,10,19"
